{
    "loss": [
        0.4931214153766632,
        0.4307122826576233,
        0.4212421178817749,
        0.4148520827293396,
        0.4112040102481842,
        0.4092623293399811,
        0.40716615319252014,
        0.40435197949409485,
        0.4039512872695923,
        0.4027574956417084,
        0.4019138813018799,
        0.39971834421157837,
        0.39985230565071106,
        0.398653507232666,
        0.39822638034820557,
        0.3973870873451233,
        0.39530253410339355,
        0.39430269598960876,
        0.39480942487716675,
        0.3939417004585266,
        0.3939840495586395
    ],
    "accuracy": [
        0.7638944983482361,
        0.7951318621635437,
        0.7951318621635437,
        0.8012170195579529,
        0.8020284175872803,
        0.8008113503456116,
        0.8044624924659729,
        0.8056795001029968,
        0.8036510944366455,
        0.8093306422233582,
        0.8068965673446655,
        0.8101419806480408,
        0.8093306422233582,
        0.8093306422233582,
        0.8154157996177673,
        0.815010130405426,
        0.8170385360717773,
        0.8109533190727234,
        0.8158215284347534,
        0.815010130405426,
        0.8162271976470947
    ],
    "val_loss": [
        0.44857507944107056,
        0.4364377558231354,
        0.431607186794281,
        0.43145570158958435,
        0.4316099286079407,
        0.429212749004364,
        0.4306112229824066,
        0.4360426366329193,
        0.4316830635070801,
        0.43236374855041504,
        0.4339224100112915,
        0.4326700270175934,
        0.43533506989479065,
        0.4345676004886627,
        0.43324437737464905,
        0.4329514503479004,
        0.433624804019928,
        0.4344616234302521,
        0.43404829502105713,
        0.43569186329841614,
        0.4344106614589691
    ],
    "val_accuracy": [
        0.8004056811332703,
        0.8032454252243042,
        0.7967545390129089,
        0.795537531375885,
        0.8036510944366455,
        0.7975659370422363,
        0.795537531375885,
        0.7943204641342163,
        0.7959432005882263,
        0.7947261929512024,
        0.7943204641342163,
        0.7959432005882263,
        0.793914794921875,
        0.7959432005882263,
        0.7951318621635437,
        0.797160267829895,
        0.7963488698005676,
        0.7943204641342163,
        0.7967545390129089,
        0.7947261929512024,
        0.7943204641342163
    ],
    "lr": [
        0.0010000000474974513,
        0.0010000000474974513,
        0.0010000000474974513,
        0.0010000000474974513,
        0.0010000000474974513,
        0.0010000000474974513,
        0.0010000000474974513,
        0.0010000000474974513,
        0.0010000000474974513,
        0.0010000000474974513,
        0.0010000000474974513,
        0.0010000000474974513,
        0.0010000000474974513,
        0.0010000000474974513,
        0.0010000000474974513,
        0.0010000000474974513,
        0.0005000000237487257,
        0.0005000000237487257,
        0.0005000000237487257,
        0.0005000000237487257,
        0.0005000000237487257
    ]
}