{
    "loss": [
        1.9242157936096191,
        0.9728463888168335,
        0.6822217702865601,
        0.5781506896018982,
        0.5166535973548889,
        0.4995204210281372,
        0.47720733284950256,
        0.4728598892688751,
        0.46830832958221436,
        0.46224892139434814,
        0.46156033873558044,
        0.4598240554332733,
        0.458893358707428,
        0.45308661460876465,
        0.4535473585128784,
        0.4607985019683838,
        0.45627361536026,
        0.45695528388023376,
        0.46013563871383667,
        0.4550460875034332,
        0.446933776140213,
        0.4537560045719147,
        0.4528215825557709,
        0.44448426365852356,
        0.4423147141933441,
        0.4451174736022949,
        0.44717642664909363,
        0.4514477550983429,
        0.4479421377182007,
        0.4452013671398163,
        0.45296844840049744,
        0.46127498149871826,
        0.45415282249450684,
        0.4460269808769226,
        0.4523789584636688,
        0.44092461466789246,
        0.4357166886329651,
        0.4375077188014984,
        0.43650442361831665,
        0.43500763177871704,
        0.4310205280780792,
        0.43649715185165405,
        0.4321501553058624,
        0.43911054730415344,
        0.4329509139060974,
        0.4340057075023651,
        0.4361167252063751,
        0.443205863237381,
        0.4355405867099762,
        0.4311111867427826,
        0.4316574037075043,
        0.43112555146217346,
        0.42726168036460876,
        0.43225905299186707,
        0.4206698536872864,
        0.42672938108444214
    ],
    "accuracy": [
        0.7188640832901001,
        0.7780932784080505,
        0.7874239087104797,
        0.7922921180725098,
        0.795537531375885,
        0.7914807200431824,
        0.7906693816184998,
        0.7935091257095337,
        0.7910750508308411,
        0.7963488698005676,
        0.7959432005882263,
        0.7951318621635437,
        0.7849898338317871,
        0.8028397560119629,
        0.795537531375885,
        0.7906693816184998,
        0.795537531375885,
        0.797160267829895,
        0.7878296375274658,
        0.7979716062545776,
        0.7995943427085876,
        0.797160267829895,
        0.8032454252243042,
        0.8036510944366455,
        0.8024340867996216,
        0.8016226887702942,
        0.7991886138916016,
        0.7967545390129089,
        0.8044624924659729,
        0.8056795001029968,
        0.8012170195579529,
        0.7951318621635437,
        0.8020284175872803,
        0.8028397560119629,
        0.7935091257095337,
        0.8016226887702942,
        0.8073022365570068,
        0.8101419806480408,
        0.8137931227684021,
        0.8032454252243042,
        0.8081135749816895,
        0.800000011920929,
        0.8097363114356995,
        0.8020284175872803,
        0.8085192441940308,
        0.8113590478897095,
        0.8077079057693481,
        0.8040568232536316,
        0.8028397560119629,
        0.8085192441940308,
        0.8141987919807434,
        0.8093306422233582,
        0.8117647171020508,
        0.8073022365570068,
        0.8129817247390747,
        0.8137931227684021
    ],
    "val_loss": [
        1.2475202083587646,
        0.7704505920410156,
        0.6088608503341675,
        0.5401626229286194,
        0.5078415870666504,
        0.4859479069709778,
        0.4799470007419586,
        0.47228309512138367,
        0.4713917076587677,
        0.4626081585884094,
        0.46385228633880615,
        0.4653710424900055,
        0.463713139295578,
        0.4671953320503235,
        0.466393381357193,
        0.4594781994819641,
        0.4551182985305786,
        0.45845672488212585,
        0.4757651090621948,
        0.4581083059310913,
        0.4591766595840454,
        0.4640539884567261,
        0.4579378366470337,
        0.4588039219379425,
        0.4526377022266388,
        0.4541237950325012,
        0.45854854583740234,
        0.46654218435287476,
        0.455401211977005,
        0.45570793747901917,
        0.4598912000656128,
        0.45793530344963074,
        0.46333518624305725,
        0.46200767159461975,
        0.45654410123825073,
        0.4526662826538086,
        0.45357000827789307,
        0.4521973729133606,
        0.44926267862319946,
        0.4485849142074585,
        0.44712066650390625,
        0.4506683051586151,
        0.45143404603004456,
        0.4577879309654236,
        0.45089083909988403,
        0.4512860178947449,
        0.4545263648033142,
        0.4509357213973999,
        0.4500911831855774,
        0.448156476020813,
        0.45029163360595703,
        0.4476458430290222,
        0.4481666684150696,
        0.44866976141929626,
        0.4504241645336151,
        0.44717860221862793
    ],
    "val_accuracy": [
        0.7947261929512024,
        0.7979716062545776,
        0.7935091257095337,
        0.8040568232536316,
        0.7853955626487732,
        0.8044624924659729,
        0.7918863892555237,
        0.8044624924659729,
        0.7914807200431824,
        0.7991886138916016,
        0.8040568232536316,
        0.8036510944366455,
        0.7866125702857971,
        0.7829614877700806,
        0.7776876091957092,
        0.798377275466919,
        0.8016226887702942,
        0.7963488698005676,
        0.8052738308906555,
        0.7991886138916016,
        0.8016226887702942,
        0.7886409759521484,
        0.7943204641342163,
        0.8016226887702942,
        0.8048681616783142,
        0.8004056811332703,
        0.7967545390129089,
        0.7902637124061584,
        0.8012170195579529,
        0.7910750508308411,
        0.8024340867996216,
        0.7963488698005676,
        0.7874239087104797,
        0.800000011920929,
        0.7926977872848511,
        0.797160267829895,
        0.795537531375885,
        0.8040568232536316,
        0.8012170195579529,
        0.8020284175872803,
        0.8052738308906555,
        0.7951318621635437,
        0.800000011920929,
        0.7910750508308411,
        0.7991886138916016,
        0.795537531375885,
        0.7918863892555237,
        0.7979716062545776,
        0.8016226887702942,
        0.8028397560119629,
        0.795537531375885,
        0.7991886138916016,
        0.7991886138916016,
        0.7991886138916016,
        0.8028397560119629,
        0.8036510944366455
    ],