{
    "loss": [
        0.48282063007354736,
        0.4297516345977783,
        0.41979455947875977,
        0.4142334461212158,
        0.4104304611682892,
        0.40793576836586,
        0.4047900438308716,
        0.4068010151386261,
        0.40238726139068604,
        0.4004874527454376,
        0.39919981360435486,
        0.39738819003105164,
        0.3951300084590912,
        0.39395537972450256,
        0.393280953168869,
        0.39189180731773376,
        0.3907701373100281,
        0.3888770043849945,
        0.3877953588962555,
        0.38529378175735474,
        0.38459986448287964,
        0.3828607201576233,
        0.3821260929107666,
        0.38158944249153137
    ],
    "accuracy": [
        0.7561866044998169,
        0.7963488698005676,
        0.7995943427085876,
        0.7947261929512024,
        0.800000011920929,
        0.8044624924659729,
        0.8036510944366455,
        0.8032454252243042,
        0.8093306422233582,
        0.8101419806480408,
        0.8113590478897095,
        0.8117647171020508,
        0.816632866859436,
        0.8186612725257874,
        0.81784987449646,
        0.8198782801628113,
        0.8170385360717773,
        0.8186612725257874,
        0.8227180242538452,
        0.82109534740448,
        0.82109534740448,
        0.8223123550415039,
        0.8231237530708313,
        0.8259634971618652
    ],
    "val_loss": [
        0.4510975480079651,
        0.4392338991165161,
        0.4345046877861023,
        0.4334864318370819,
        0.4331885576248169,
        0.435293585062027,
        0.4357345700263977,
        0.434601753950119,
        0.4318258762359619,
        0.4330933392047882,
        0.43278422951698303,
        0.4340883195400238,
        0.4351730942726135,
        0.43354547023773193,
        0.4334647059440613,
        0.43462276458740234,
        0.4365299642086029,
        0.43615272641181946,
        0.43620991706848145,
        0.436629056930542,
        0.4362783432006836,
        0.4382492005825043,
        0.436560720205307,
        0.4377377927303314
    ],
    "val_accuracy": [
        0.7918863892555237,
        0.7947261929512024,
        0.7951318621635437,
        0.800000011920929,
        0.8024340867996216,
        0.8012170195579529,
        0.7898579835891724,
        0.7967545390129089,
        0.7995943427085876,
        0.8012170195579529,
        0.7987829446792603,
        0.7947261929512024,
        0.7886409759521484,
        0.7975659370422363,
        0.7979716062545776,
        0.7943204641342163,
        0.7935091257095337,
        0.7931034564971924,
        0.7898579835891724,
        0.7943204641342163,
        0.7935091257095337,
        0.7902637124061584,
        0.7959432005882263,
        0.7914807200431824
    ],
    "lr": [
        0.0010000000474974513,
        0.0010000000474974513,
        0.0010000000474974513,
        0.0010000000474974513,
        0.0010000000474974513,
        0.0010000000474974513,
        0.0010000000474974513,
        0.0010000000474974513,
        0.0010000000474974513,
        0.0010000000474974513,
        0.0010000000474974513,
        0.0010000000474974513,
        0.0010000000474974513,
        0.0010000000474974513,
        0.0010000000474974513,
        0.0010000000474974513,
        0.0010000000474974513,
        0.0010000000474974513,
        0.0010000000474974513,
        0.0005000000237487257,
        0.0005000000237487257,
        0.0005000000237487257,
        0.0005000000237487257,
        0.0005000000237487257
    ]
}