{
    "loss": [
        0.5056352019309998,
        0.4369812607765198,
        0.42445144057273865,
        0.4190039336681366,
        0.4150421917438507,
        0.41272759437561035,
        0.40998414158821106,
        0.40793177485466003,
        0.4071175754070282,
        0.40569934248924255,
        0.4044995903968811,
        0.4039756655693054,
        0.40191182494163513,
        0.4008895754814148,
        0.40068766474723816,
        0.3992334306240082,
        0.398473858833313,
        0.3980565667152405,
        0.3971293568611145,
        0.39672112464904785,
        0.3956466317176819,
        0.3943651020526886,
        0.3946846127510071,
        0.3929500877857208,
        0.3930085301399231,
        0.39201611280441284,
        0.3913689851760864,
        0.3910145163536072,
        0.38972413539886475,
        0.3893543779850006,
        0.3880136013031006,
        0.38765808939933777,
        0.38741031289100647,
        0.38668105006217957,
        0.38548678159713745,
        0.3835572302341461,
        0.3831253945827484,
        0.38298463821411133,
        0.3823009133338928,
        0.3822808563709259
    ],
    "accuracy": [
        0.7456389665603638,
        0.7853955626487732,
        0.7947261929512024,
        0.7951318621635437,
        0.793914794921875,
        0.797160267829895,
        0.8020284175872803,
        0.8056795001029968,
        0.8085192441940308,
        0.8073022365570068,
        0.8085192441940308,
        0.8081135749816895,
        0.8089249730110168,
        0.8044624924659729,
        0.8137931227684021,
        0.8101419806480408,
        0.8137931227684021,
        0.816632866859436,
        0.8129817247390747,
        0.8129817247390747,
        0.8186612725257874,
        0.816632866859436,
        0.8141987919807434,
        0.8154157996177673,
        0.8162271976470947,
        0.818255603313446,
        0.818255603313446,
        0.816632866859436,
        0.8190669417381287,
        0.8227180242538452,
        0.8174442052841187,
        0.82109534740448,
        0.8186612725257874,
        0.8223123550415039,
        0.8198782801628113,
        0.8231237530708313,
        0.8219066858291626,
        0.8223123550415039,
        0.8243407607078552,
        0.8219066858291626
    ],
    "val_loss": [
        0.461886465549469,
        0.44590023159980774,
        0.4428284168243408,
        0.43636074662208557,
        0.43541857600212097,
        0.4348808526992798,
        0.43251100182533264,
        0.4354403614997864,
        0.43176090717315674,
        0.43405988812446594,
        0.434727281332016,
        0.4329303205013275,
        0.4309859573841095,
        0.43084782361984253,
        0.43172287940979004,
        0.4301198720932007,
        0.4317041039466858,
        0.4329327940940857,
        0.4301895499229431,
        0.4301731586456299,
        0.429567813873291,
        0.4297136068344116,
        0.43027645349502563,
        0.4313984513282776,
        0.4291918873786926,
        0.43126380443573,
        0.4308081567287445,
        0.432397723197937,
        0.4311618506908417,
        0.43235304951667786,
        0.43033865094184875,
        0.4335917830467224,
        0.43268102407455444,
        0.43142783641815186,
        0.4338854253292084,
        0.43278273940086365,
        0.433289498090744,
        0.4330601990222931,
        0.4325847029685974,
        0.4327661395072937
    ],
    "val_accuracy": [
        0.7853955626487732,
        0.7991886138916016,
        0.7995943427085876,
        0.7987829446792603,
        0.798377275466919,
        0.7987829446792603,
        0.7995943427085876,
        0.7943204641342163,
        0.7947261929512024,
        0.7906693816184998,
        0.7918863892555237,
        0.7910750508308411,
        0.8020284175872803,
        0.8020284175872803,
        0.7947261929512024,
        0.798377275466919,
        0.8032454252243042,
        0.7926977872848511,
        0.7987829446792603,
        0.8024340867996216,
        0.7995943427085876,
        0.8016226887702942,
        0.8004056811332703,
        0.8004056811332703,
        0.8016226887702942,
        0.8028397560119629,
        0.7951318621635437,
        0.793914794921875,
        0.8028397560119629,
        0.7963488698005676,
        0.7995943427085876,
        0.7914807200431824,
        0.8008113503456116,
        0.8004056811332703,
        0.7922921180725098,
        0.7979716062545776,
        0.8008113503456116,
        0.7963488698005676,
        0.795537531375885,
        0.7991886138916016
    ],
    "lr": [
        0.0010000000474974513,
        0.0010000000474974513,
        0.0010000000474974513,
        0.0010000000474974513,
        0.0010000000474974513,
        0.0010000000474974513,
        0.0010000000474974513,
        0.0010000000474974513,
        0.0010000000474974513,
        0.0010000000474974513,
        0.0010000000474974513,
        0.0010000000474974513,
        0.0010000000474974513,
        0.0010000000474974513,
        0.0010000000474974513,
        0.0010000000474974513,
        0.0010000000474974513,
        0.0010000000474974513,
        0.0010000000474974513,
        0.0010000000474974513,
        0.0010000000474974513,
        0.0010000000474974513,
        0.0010000000474974513,
        0.0010000000474974513,
        0.0010000000474974513,
        0.0010000000474974513,
        0.0010000000474974513,
        0.0010000000474974513,
        0.0010000000474974513,
        0.0010000000474974513,
        0.0010000000474974513,
        0.0010000000474974513,
        0.0010000000474974513,
        0.0010000000474974513,
        0.0010000000474974513,
        0.0005000000237487257,
        0.0005000000237487257,
        0.0005000000237487257,
        0.0005000000237487257,
        0.0005000000237487257
    ]
}