{
    "loss": [
        0.4861457943916321,
        0.4260078966617584,
        0.419989675283432,
        0.41523483395576477,
        0.4144437313079834,
        0.4138759672641754,
        0.4130679965019226,
        0.41997313499450684,
        0.41819635033607483,
        0.41536933183670044,
        0.4101576805114746,
        0.40934497117996216,
        0.4082654118537903,
        0.40946316719055176,
        0.4078402817249298,
        0.4055638313293457,
        0.4105047583580017,
        0.4040798246860504,
        0.40311530232429504,
        0.40514203906059265,
        0.4044175446033478,
        0.4031297266483307,
        0.40137189626693726,
        0.4026187062263489,
        0.4047127068042755,
        0.4065997302532196,
        0.401659220457077,
        0.3981298804283142,
        0.39691466093063354,
        0.3973020613193512,
        0.39692795276641846,
        0.39717909693717957
    ],
    "accuracy": [
        0.7553752660751343,
        0.7931034564971924,
        0.800000011920929,
        0.8016226887702942,
        0.8036510944366455,
        0.8020284175872803,
        0.8048681616783142,
        0.797160267829895,
        0.7975659370422363,
        0.8008113503456116,
        0.7991886138916016,
        0.8028397560119629,
        0.8048681616783142,
        0.8024340867996216,
        0.8016226887702942,
        0.8012170195579529,
        0.8077079057693481,
        0.8141987919807434,
        0.8073022365570068,
        0.8024340867996216,
        0.8048681616783142,
        0.8133874535560608,
        0.8093306422233582,
        0.8068965673446655,
        0.8004056811332703,
        0.8032454252243042,
        0.8085192441940308,
        0.815010130405426,
        0.8089249730110168,
        0.8113590478897095,
        0.8158215284347534,
        0.818255603313446
    ],
    "val_loss": [
        0.44070085883140564,
        0.43053996562957764,
        0.42843499779701233,
        0.42950159311294556,
        0.4339117705821991,
        0.43028631806373596,
        0.4339151382446289,
        0.43213921785354614,
        0.42732346057891846,
        0.4302747845649719,
        0.4305410087108612,
        0.4292239844799042,
        0.4297582805156708,
        0.43047666549682617,
        0.4275663495063782,
        0.4283725619316101,
        0.4272145926952362,
        0.4278241991996765,
        0.42863908410072327,
        0.42752352356910706,
        0.43105795979499817,
        0.4301905035972595,
        0.4304868280887604,
        0.43520066142082214,
        0.43624359369277954,
        0.4313371181488037,
        0.42945384979248047,
        0.43106329441070557,
        0.42927607893943787,
        0.42885252833366394,
        0.4286845922470093,
        0.4297724664211273
    ],
    "val_accuracy": [
        0.8008113503456116,
        0.8036510944366455,
        0.8044624924659729,
        0.8028397560119629,
        0.7898579835891724,
        0.7979716062545776,
        0.7995943427085876,
        0.795537531375885,
        0.7959432005882263,
        0.7995943427085876,
        0.8056795001029968,
        0.8040568232536316,
        0.7943204641342163,
        0.8032454252243042,
        0.7975659370422363,
        0.8012170195579529,
        0.8004056811332703,
        0.8016226887702942,
        0.7979716062545776,
        0.798377275466919,
        0.7967545390129089,
        0.7979716062545776,
        0.7963488698005676,
        0.8012170195579529,
        0.7898579835891724,
        0.797160267829895,
        0.7979716062545776,
        0.7947261929512024,
        0.798377275466919,
        0.793914794921875,
        0.7995943427085876,
        0.7979716062545776
    ],
    "lr": [
        0.009999999776482582,
        0.009999999776482582,
        0.009999999776482582,
        0.009999999776482582,
        0.009999999776482582,
        0.009999999776482582,
        0.009999999776482582,
        0.009999999776482582,
        0.009999999776482582,
        0.009999999776482582,
        0.009999999776482582,
        0.009999999776482582,
        0.009999999776482582,
        0.009999999776482582,
        0.009999999776482582,
        0.009999999776482582,
        0.009999999776482582,
        0.009999999776482582,
        0.009999999776482582,
        0.009999999776482582,
        0.009999999776482582,
        0.009999999776482582,
        0.009999999776482582,
        0.009999999776482582,
        0.009999999776482582,
        0.009999999776482582,
        0.009999999776482582,
        0.004999999888241291,
        0.004999999888241291,
        0.004999999888241291,
        0.004999999888241291,
        0.004999999888241291
    ]
}