{
    "loss": [
        0.48880356550216675,
        0.42928221821784973,
        0.4226941466331482,
        0.42427945137023926,
        0.41535285115242004,
        0.40850287675857544,
        0.40674322843551636,
        0.40525418519973755,
        0.4032011032104492,
        0.4013434052467346,
        0.4007076025009155,
        0.3970739543437958,
        0.39189186692237854,
        0.3892497420310974,
        0.3905635178089142,
        0.3826825022697449,
        0.38074570894241333,
        0.37730956077575684,
        0.37787649035453796,
        0.37732797861099243
    ],
    "accuracy": [
        0.750507116317749,
        0.7943204641342163,
        0.798377275466919,
        0.7995943427085876,
        0.7987829446792603,
        0.8073022365570068,
        0.8089249730110168,
        0.8012170195579529,
        0.8146044611930847,
        0.8093306422233582,
        0.81784987449646,
        0.8137931227684021,
        0.8154157996177673,
        0.8190669417381287,
        0.8206896781921387,
        0.818255603313446,
        0.8259634971618652,
        0.8283975720405579,
        0.8162271976470947,
        0.8215010166168213
    ],
    "val_loss": [
        0.4417499303817749,
        0.4334111213684082,
        0.4366624057292938,
        0.4375194013118744,
        0.4311389625072479,
        0.4347364604473114,
        0.4350064992904663,
        0.44086241722106934,
        0.4348050057888031,
        0.43450871109962463,
        0.4370726943016052,
        0.43590614199638367,
        0.44253069162368774,
        0.4424375295639038,
        0.4399743378162384,
        0.44186151027679443,
        0.4439341127872467,
        0.44214218854904175,
        0.444364070892334,
        0.4444044232368469
    ],
    "val_accuracy": [
        0.7959432005882263,
        0.7995943427085876,
        0.7902637124061584,
        0.8044624924659729,
        0.797160267829895,
        0.8008113503456116,
        0.7910750508308411,
        0.7914807200431824,
        0.798377275466919,
        0.7967545390129089,
        0.7987829446792603,
        0.7959432005882263,
        0.7886409759521484,
        0.7943204641342163,
        0.7926977872848511,
        0.7959432005882263,
        0.7914807200431824,
        0.7918863892555237,
        0.7935091257095337,
        0.7926977872848511
    ],
    "lr": [
        0.0010000000474974513,
        0.0010000000474974513,
        0.0010000000474974513,
        0.0010000000474974513,
        0.0010000000474974513,
        0.0010000000474974513,
        0.0010000000474974513,
        0.0010000000474974513,
        0.0010000000474974513,
        0.0010000000474974513,
        0.0010000000474974513,
        0.0010000000474974513,
        0.0010000000474974513,
        0.0010000000474974513,
        0.0010000000474974513,
        0.0005000000237487257,
        0.0005000000237487257,
        0.0005000000237487257,
        0.0005000000237487257,
        0.0005000000237487257
    ]
}