{
    "loss": [
        0.5148743987083435,
        0.4410576820373535,
        0.42868614196777344,
        0.4249280095100403,
        0.4144991636276245,
        0.4157916009426117,
        0.4078008234500885,
        0.4109809398651123,
        0.40800195932388306,
        0.40366068482398987,
        0.3995334804058075,
        0.39444616436958313,
        0.40012067556381226,
        0.39448708295822144,
        0.39288806915283203,
        0.3890107274055481,
        0.38937386870384216,
        0.3823261857032776,
        0.3777032792568207,
        0.38432571291923523
    ],
    "accuracy": [
        0.7281947135925293,
        0.7886409759521484,
        0.793914794921875,
        0.7959432005882263,
        0.7987829446792603,
        0.7987829446792603,
        0.8052738308906555,
        0.8028397560119629,
        0.8077079057693481,
        0.8020284175872803,
        0.8125760555267334,
        0.8141987919807434,
        0.8109533190727234,
        0.8174442052841187,
        0.8198782801628113,
        0.8198782801628113,
        0.8202839493751526,
        0.8279919028282166,
        0.8263691663742065,
        0.8255578279495239
    ],
    "val_loss": [
        0.44902849197387695,
        0.4370073676109314,
        0.43463191390037537,
        0.4343282878398895,
        0.4281657636165619,
        0.43484848737716675,
        0.43427878618240356,
        0.43370428681373596,
        0.4380255341529846,
        0.4370018541812897,
        0.43860357999801636,
        0.4422343969345093,
        0.4393961727619171,
        0.43881163001060486,
        0.4377458095550537,
        0.44211411476135254,
        0.4409448206424713,
        0.4410223662853241,
        0.4420756697654724,
        0.4450943171977997
    ],
    "val_accuracy": [
        0.7914807200431824,
        0.7995943427085876,
        0.7963488698005676,
        0.8004056811332703,
        0.8036510944366455,
        0.8028397560119629,
        0.7931034564971924,
        0.7951318621635437,
        0.8024340867996216,
        0.7967545390129089,
        0.7943204641342163,
        0.8004056811332703,
        0.7910750508308411,
        0.7975659370422363,
        0.7922921180725098,
        0.8036510944366455,
        0.7959432005882263,
        0.7975659370422363,
        0.7943204641342163,
        0.8020284175872803
    ],
    "lr": [
        0.0010000000474974513,
        0.0010000000474974513,
        0.0010000000474974513,
        0.0010000000474974513,
        0.0010000000474974513,
        0.0010000000474974513,
        0.0010000000474974513,
        0.0010000000474974513,
        0.0010000000474974513,
        0.0010000000474974513,
        0.0010000000474974513,
        0.0010000000474974513,
        0.0010000000474974513,
        0.0010000000474974513,
        0.0010000000474974513,
        0.0005000000237487257,
        0.0005000000237487257,
        0.0005000000237487257,
        0.0005000000237487257,
        0.0005000000237487257
    ]
}