{
    "loss": [
        0.4785582721233368,
        0.4237465262413025,
        0.4269755482673645,
        0.4167490303516388,
        0.4165850281715393,
        0.4161105453968048,
        0.420495867729187,
        0.41049832105636597,
        0.40934252738952637,
        0.4081282615661621,
        0.4079994261264801,
        0.40842539072036743,
        0.40629348158836365,
        0.40763938426971436,
        0.4044042229652405,
        0.40463006496429443,
        0.4041731357574463,
        0.40296173095703125,
        0.40594157576560974
    ],
    "accuracy": [
        0.7602434158325195,
        0.7943204641342163,
        0.7878296375274658,
        0.8040568232536316,
        0.8008113503456116,
        0.8020284175872803,
        0.793914794921875,
        0.8024340867996216,
        0.8032454252243042,
        0.7995943427085876,
        0.8089249730110168,
        0.8040568232536316,
        0.8028397560119629,
        0.8020284175872803,
        0.8040568232536316,
        0.8089249730110168,
        0.8085192441940308,
        0.8105476498603821,
        0.7995943427085876
    ],
    "val_loss": [
        0.4281926453113556,
        0.4304470121860504,
        0.4298420548439026,
        0.4265133738517761,
        0.4277305603027344,
        0.42937323451042175,
        0.4336192011833191,
        0.4329228699207306,
        0.4333621859550476,
        0.42906200885772705,
        0.43439945578575134,
        0.42987731099128723,
        0.4345516562461853,
        0.4319586157798767,
        0.42982587218284607,
        0.43102705478668213,
        0.431768536567688,
        0.4315403401851654,
        0.43054184317588806
    ],
    "val_accuracy": [
        0.8020284175872803,
        0.8028397560119629,
        0.7947261929512024,
        0.8008113503456116,
        0.8016226887702942,
        0.7987829446792603,
        0.7967545390129089,
        0.7935091257095337,
        0.7931034564971924,
        0.7991886138916016,
        0.7898579835891724,
        0.7987829446792603,
        0.7926977872848511,
        0.7979716062545776,
        0.7987829446792603,
        0.7987829446792603,
        0.7943204641342163,
        0.7963488698005676,
        0.7987829446792603
    ],
    "lr": [
        0.009999999776482582,
        0.009999999776482582,
        0.009999999776482582,
        0.009999999776482582,
        0.009999999776482582,
        0.009999999776482582,
        0.009999999776482582,
        0.009999999776482582,
        0.009999999776482582,
        0.009999999776482582,
        0.009999999776482582,
        0.009999999776482582,
        0.009999999776482582,
        0.009999999776482582,
        0.004999999888241291,
        0.004999999888241291,
        0.004999999888241291,
        0.004999999888241291,
        0.004999999888241291
    ]
}