{
    "loss": [
        0.5263299345970154,
        0.44075295329093933,
        0.4260514974594116,
        0.4166303277015686,
        0.4136531949043274,
        0.4097646474838257,
        0.4075169861316681,
        0.4057241678237915,
        0.403633177280426,
        0.4017178416252136,
        0.3991645276546478,
        0.39938884973526,
        0.3980322778224945,
        0.39604106545448303,
        0.3953898847103119,
        0.3925154209136963,
        0.39195516705513,
        0.38993191719055176,
        0.3893777132034302,
        0.38876885175704956,
        0.38672658801078796,
        0.38495978713035583,
        0.385093092918396,
        0.38273879885673523,
        0.3798726499080658,
        0.37904366850852966,
        0.37862956523895264,
        0.3775632679462433,
        0.3774814307689667
    ],
    "accuracy": [
        0.7212981581687927,
        0.7918863892555237,
        0.7967545390129089,
        0.8008113503456116,
        0.7995943427085876,
        0.8040568232536316,
        0.8052738308906555,
        0.8068965673446655,
        0.8097363114356995,
        0.8105476498603821,
        0.8093306422233582,
        0.8085192441940308,
        0.8109533190727234,
        0.8141987919807434,
        0.8121703863143921,
        0.8137931227684021,
        0.8186612725257874,
        0.818255603313446,
        0.8137931227684021,
        0.815010130405426,
        0.8109533190727234,
        0.8186612725257874,
        0.8190669417381287,
        0.8198782801628113,
        0.8219066858291626,
        0.8215010166168213,
        0.82109534740448,
        0.8219066858291626,
        0.8215010166168213
    ],
    "val_loss": [
        0.46731463074684143,
        0.4441496729850769,
        0.4375256896018982,
        0.43378669023513794,
        0.43346062302589417,
        0.43268388509750366,
        0.43328920006752014,
        0.43230971693992615,
        0.4322786033153534,
        0.43132150173187256,
        0.43120571970939636,
        0.4302491247653961,
        0.43055450916290283,
        0.430067241191864,
        0.4314369857311249,
        0.43535754084587097,
        0.432514488697052,
        0.4333704710006714,
        0.4367898106575012,
        0.4341476857662201,
        0.43824926018714905,
        0.43713971972465515,
        0.43867626786231995,
        0.4367230236530304,
        0.436570942401886,
        0.43645530939102173,
        0.43665724992752075,
        0.43696898221969604,
        0.4370850622653961
    ],
    "val_accuracy": [
        0.7817444205284119,
        0.7918863892555237,
        0.7951318621635437,
        0.7935091257095337,
        0.7979716062545776,
        0.793914794921875,
        0.797160267829895,
        0.798377275466919,
        0.7975659370422363,
        0.7967545390129089,
        0.8024340867996216,
        0.7951318621635437,
        0.7947261929512024,
        0.7967545390129089,
        0.7979716062545776,
        0.7987829446792603,
        0.7959432005882263,
        0.7963488698005676,
        0.7943204641342163,
        0.7963488698005676,
        0.7963488698005676,
        0.7963488698005676,
        0.797160267829895,
        0.7959432005882263,
        0.7943204641342163,
        0.7947261929512024,
        0.797160267829895,
        0.7967545390129089,
        0.7967545390129089
    ],
    "lr": [
        0.0010000000474974513,
        0.0010000000474974513,
        0.0010000000474974513,
        0.0010000000474974513,
        0.0010000000474974513,
        0.0010000000474974513,
        0.0010000000474974513,
        0.0010000000474974513,
        0.0010000000474974513,
        0.0010000000474974513,
        0.0010000000474974513,
        0.0010000000474974513,
        0.0010000000474974513,
        0.0010000000474974513,
        0.0010000000474974513,
        0.0010000000474974513,
        0.0010000000474974513,
        0.0010000000474974513,
        0.0010000000474974513,
        0.0010000000474974513,
        0.0010000000474974513,
        0.0010000000474974513,
        0.0010000000474974513,
        0.0010000000474974513,
        0.0005000000237487257,
        0.0005000000237487257,
        0.0005000000237487257,
        0.0005000000237487257,
        0.0005000000237487257
    ]
}