Modelo,F1-CV Mean,F1-CV Std
Logistic Regression,0.5813169836619021,0.03295012431441474
MLP-2,0.6301865589249962,0.029743494355572303
